Assembly,Role,Manufacturer,MPN,Description
mchstreamer-dual-cable-interface,mate,Samtec,TCSD-06-D-04.50-01,selected_double_ended_2x6_2mm_female_idc_cable_assembly
mchstreamer-dual-cable-interface,cable,Samtec,TCSD-06-D-04.50-01,two_selected_2x6_2mm_pitch_idc_ribbon_cables
mchstreamer-dual-cable-interface,installed tool,,NONE,none
molex-micro-fit-power-input,mate,Molex,43645-0200,two_position_power_cable_housing_with_factory_precrimped_43030-0038_contacts
molex-micro-fit-power-input,cable,Molex_with_HellermannTyton_restraint,214761-2122_PLUS_214761-1122_WITH_113-00022,paired_color_coded_18awg_factory_precrimped_pigtails_with_internal_screw_mount_restraint
molex-micro-fit-power-input,installed tool,,NONE,none
molex-micro-fit-spoke-bank,mate,Molex,43645-0400,cable_housing_with_43030-0007_contacts
molex-micro-fit-spoke-bank,cable,Belden,6541PA,two_individually_shielded_twisted_pairs
molex-micro-fit-spoke-bank,installed tool,,NONE,none
