Comment,Designator,Footprint,LCSC
C105871 prelayout exact-code probe,"R_CFG1,R_CFG4",,C105871
C106231 prelayout exact-code probe,R_CFG2,,C106231
C106232 prelayout exact-code probe,"R_OPA_BLEED1,R_OPA_BLEED2",,C106232
C110776 prelayout exact-code probe,"R_VMID1_BOT,R_VMID1_TOP,R_VMID2_BOT,R_VMID2_TOP",,C110776
C114765 prelayout exact-code probe,"R_BCLK,R_MCLK",,C114765
C123302 prelayout exact-code probe,U_RST2,,C123302
C124196 prelayout exact-code probe,D_QIN_GS,,C124196
C126514 prelayout exact-code probe,"C_FB1N,C_FB1P,C_FB2N,C_FB2P,C_FB3N,C_FB3P,C_FB4N,C_FB4P,C_FB5N,C_FB5P,C_FB6N,C_FB6P,C_FB7N,C_FB7P,C_FB8N,C_FB8P",,C126514
C130024 prelayout exact-code probe,U_CLK,,C130024
C131093 prelayout exact-code probe,"U_DUMP,U_LDO_EN,U_OE",,C131093
C138002 prelayout exact-code probe,R_TDM,,C138002
C138010 prelayout exact-code probe,"R_MCH_SENSE,R_X1N,R_X1P,R_X2N,R_X2P,R_X3N,R_X3P,R_X4N,R_X4P,R_X5N,R_X5P,R_X6N,R_X6P,R_X7N,R_X7P,R_X8N,R_X8P",,C138010
C138066 prelayout exact-code probe,"R_OUT1N,R_OUT1P,R_OUT2N,R_OUT2P,R_OUT3N,R_OUT3P,R_OUT4N,R_OUT4P,R_OUT5N,R_OUT5P,R_OUT6N,R_OUT6P,R_OUT7N,R_OUT7P,R_OUT8N,R_OUT8P",,C138066
C1509297 prelayout exact-code probe,"U_AUDIO,U_PWR",,C1509297
C15127 prelayout exact-code probe,Q_PRE,,C15127
C15195 prelayout exact-code probe,"C_VDDA1_10N,C_VDDA2_10N",,C15195
C1525 prelayout exact-code probe,"C_AUDIO,C_BUCK_BST,C_CLK,C_DUMP_LOGIC,C_ISO1,C_ISO2,C_ISO3,C_ISO4,C_ISO5,C_ISO6,C_ISO7,C_ISO8,C_LDO_EN,C_OE,C_OPA1,C_OPA2,C_OPA3,C_OPA4,C_OPA5,C_OPA6,C_OPA7,C_OPA8,C_PWR,C_RST1,C_RST2,C_TDM,C_TDM_SCH,C_VDDIO",,C1525
C154439 prelayout exact-code probe,D_BUCK_IN,,C154439
C178530 prelayout exact-code probe,"C_FILT1_470U,C_FILT2_470U,C_HOLD1,C_HOLD2",,C178530
C19666 prelayout exact-code probe,"C_VDDA1_4U7,C_VDDA2_4U7",,C19666
C1972959 prelayout exact-code probe,"U_ESD1,U_ESD2,U_ESD3,U_ESD4,U_ESD5,U_ESD6,U_ESD7,U_ESD8",,C1972959
C2071056 prelayout exact-code probe,U_BUCK,,C2071056
C20917 prelayout exact-code probe,Q_DUMP,,C20917
C21120 prelayout exact-code probe,C_RST_T,,C21120
C2167386 prelayout exact-code probe,"C_AUDIO_CT1,C_AUDIO_CT2,C_FILT1_1U,C_FILT2_1U,C_PWR_CT,C_VMID1_EXT_1U,C_VMID2_EXT_1U",,C2167386
C2167576 prelayout exact-code probe,"C_FILT1_10U,C_FILT2_10U,C_VMID1_EXT_10U,C_VMID2_EXT_10U",,C2167576
C22870534 prelayout exact-code probe,F_IN,,C22870534
C23654 prelayout exact-code probe,U_TDM,,C23654
C2863402 prelayout exact-code probe,"U_AFE1,U_AFE2,U_AFE3,U_AFE4,U_AFE5,U_AFE6,U_AFE7,U_AFE8",,C2863402
C318640 prelayout exact-code probe,"C_VMID1_470N,C_VMID2_470N",,C318640
C3761431 prelayout exact-code probe,"F1,F2,F3,F4,F5,F6,F7,F8",,C3761431
C389010 prelayout exact-code probe,"C_LDO_A,C_LDO_D,C_VMID1_4U7,C_VMID2_4U7",,C389010
C42457798 prelayout exact-code probe,U_ADC,,C42457798
C53283916 prelayout exact-code probe,"U_ISO1,U_ISO2,U_ISO3,U_ISO4,U_ISO5,U_ISO6,U_ISO7,U_ISO8",,C53283916
C597579 prelayout exact-code probe,"C_BUCK_IN,C_BUCK_IN2,C_BUCK_IN3",,C597579
C60490 prelayout exact-code probe,"R_ADC_PD1N,R_ADC_PD1P,R_ADC_PD2N,R_ADC_PD2P,R_ADC_PD3N,R_ADC_PD3P,R_ADC_PD4N,R_ADC_PD4P,R_ADC_PD5N,R_ADC_PD5P,R_ADC_PD6N,R_ADC_PD6P,R_ADC_PD7N,R_ADC_PD7P,R_ADC_PD8N,R_ADC_PD8P,R_AUDIO_PU,R_IN1N,R_IN1P,R_IN2N,R_IN2P,R_IN3N,R_IN3P,R_IN4N,R_IN4P,R_IN5N,R_IN5P,R_IN6N,R_IN6P,R_IN7N,R_IN7P,R_IN8N,R_IN8P,R_MCH_BCLK_PD,R_MCH_FSYNC_PD,R_MCH_MCLK_PD,R_MCH_SENSE_PD,R_PWR_PU,R_RESET_PU,R_TDM_PD",,C60490
C60491 prelayout exact-code probe,"R_AUDIO_PD,R_B1N,R_B1P,R_B2N,R_B2P,R_B3N,R_B3P,R_B4N,R_B4P,R_B5N,R_B5P,R_B6N,R_B6P,R_B7N,R_B7P,R_B8N,R_B8P,R_CFG5,R_DUMP_PD,R_DUMP_TIME1,R_DUMP_TIME2,R_PRE_G,R_QIN_G,R_RESET_GPD,R_RST_T",,C60491
C6076 prelayout exact-code probe,U_TDM_SCH,,C6076
C6937839 prelayout exact-code probe,L_BUCK,,C6937839
C705768 prelayout exact-code probe,R_LDO_SET,,C705768
C7452883 prelayout exact-code probe,U_LDO,,C7452883
C76947 prelayout exact-code probe,"C_ADC_CM1N,C_ADC_CM1P,C_ADC_CM2N,C_ADC_CM2P,C_ADC_CM3N,C_ADC_CM3P,C_ADC_CM4N,C_ADC_CM4P,C_ADC_CM5N,C_ADC_CM5P,C_ADC_CM6N,C_ADC_CM6P,C_ADC_CM7N,C_ADC_CM7P,C_ADC_CM8N,C_ADC_CM8P,C_LDO_NR4,C_LDO_NR5",,C76947
C780842 prelayout exact-code probe,Q_IN,,C780842
C83846 prelayout exact-code probe,D_IN,,C83846
C844025 prelayout exact-code probe,"R_FSYNC,R_PRE",,C844025
C844653 prelayout exact-code probe,"R_DUMP,R_FILT1P,R_FILT2P",,C844653
C84494 prelayout exact-code probe,"C_BUCK_O1,C_BUCK_O2,C_BUCK_O3,C_LDO_IN,C_LDO_OUT,C_OPA_BULK",,C84494
C85047 prelayout exact-code probe,"Q_PRE_EN,Q_RST1",,C85047
C85098 prelayout exact-code probe,D_HOLD,,C85098
C861167 prelayout exact-code probe,R_ADC_TOP,,C861167
C861313 prelayout exact-code probe,R_PWR_TOP,,C861313
C95204 prelayout exact-code probe,"R_ADC_BOT,R_PWR_BOT",,C95204
C96333 prelayout exact-code probe,U_RST1,,C96333
C97907 prelayout exact-code probe,"C_DUMP_TIME,C_FILTER1N1,C_FILTER1N2,C_FILTER1P1,C_FILTER1P2,C_FILTER2N1,C_FILTER2N2,C_FILTER2P1,C_FILTER2P2,C_FILTER3N1,C_FILTER3N2,C_FILTER3P1,C_FILTER3P2,C_FILTER4N1,C_FILTER4N2,C_FILTER4P1,C_FILTER4P2,C_FILTER5N1,C_FILTER5N2,C_FILTER5P1,C_FILTER5P2,C_FILTER6N1,C_FILTER6N2,C_FILTER6P1,C_FILTER6P2,C_FILTER7N1,C_FILTER7N2,C_FILTER7P1,C_FILTER7P2,C_FILTER8N1,C_FILTER8N2,C_FILTER8P1,C_FILTER8P2",,C97907
