Requested LCSC,Resolved LCSC,PCBA Status,Available Qty,Fulfillment,Economic Status,Public Stock Qty,My Parts Qty,Attrition Qty,MOQ,Order Multiple,Preorder Purchase Qty,Preorder Part Subtotal,Preorder Fees,Assembly Charged Qty,Assembly Part Subtotal,Currency,Checked At,Evidence
C105871,,,,,,,,,,,,,,,,,,
C106231,,,,,,,,,,,,,,,,,,
C106232,,,,,,,,,,,,,,,,,,
C110776,,,,,,,,,,,,,,,,,,
C114765,,,,,,,,,,,,,,,,,,
C123302,,,,,,,,,,,,,,,,,,
C124196,,,,,,,,,,,,,,,,,,
C126514,,,,,,,,,,,,,,,,,,
C130024,,,,,,,,,,,,,,,,,,
C131093,,,,,,,,,,,,,,,,,,
C138002,,,,,,,,,,,,,,,,,,
C138010,,,,,,,,,,,,,,,,,,
C138066,,,,,,,,,,,,,,,,,,
C1509297,,,,,,,,,,,,,,,,,,
C15127,,,,,,,,,,,,,,,,,,
C15195,,,,,,,,,,,,,,,,,,
C1525,,,,,,,,,,,,,,,,,,
C154439,,,,,,,,,,,,,,,,,,
C19666,,,,,,,,,,,,,,,,,,
C1972959,,,,,,,,,,,,,,,,,,
C2071056,,,,,,,,,,,,,,,,,,
C20917,,,,,,,,,,,,,,,,,,
C21120,,,,,,,,,,,,,,,,,,
C2167386,,,,,,,,,,,,,,,,,,
C2167576,,,,,,,,,,,,,,,,,,
C23654,,,,,,,,,,,,,,,,,,
C2863402,,,,,,,,,,,,,,,,,,
C318640,,,,,,,,,,,,,,,,,,
C3761431,,,,,,,,,,,,,,,,,,
C389010,,,,,,,,,,,,,,,,,,
C53283916,,,,,,,,,,,,,,,,,,
C597579,,,,,,,,,,,,,,,,,,
C60490,,,,,,,,,,,,,,,,,,
C60491,,,,,,,,,,,,,,,,,,
C6076,,,,,,,,,,,,,,,,,,
C6937839,,,,,,,,,,,,,,,,,,
C705768,,,,,,,,,,,,,,,,,,
C7452883,,,,,,,,,,,,,,,,,,
C76947,,,,,,,,,,,,,,,,,,
C780842,,,,,,,,,,,,,,,,,,
C83846,,,,,,,,,,,,,,,,,,
C844025,,,,,,,,,,,,,,,,,,
C844653,,,,,,,,,,,,,,,,,,
C84494,,,,,,,,,,,,,,,,,,
C85047,,,,,,,,,,,,,,,,,,
C85098,,,,,,,,,,,,,,,,,,
C861167,,,,,,,,,,,,,,,,,,
C861313,,,,,,,,,,,,,,,,,,
C95204,,,,,,,,,,,,,,,,,,
C96333,,,,,,,,,,,,,,,,,,
C97907,,,,,,,,,,,,,,,,,,
